<?xml version="1.0" encoding="UTF-8"?>
<GenRun Id="impl_1" LaunchPart="xc7a100tcsg324-1" LaunchTime="1670383450">
  <File Type="ROUTE-PWR" Name="Master_Controller_power_routed.rpt"/>
  <File Type="PA-TCL" Name="Master_Controller.tcl"/>
  <File Type="BITSTR-MMI" Name="Master_Controller.mmi"/>
  <File Type="OPT-METHODOLOGY-DRC" Name="Master_Controller_methodology_drc_opted.rpt"/>
  <File Type="INIT-TIMING" Name="Master_Controller_timing_summary_init.rpt"/>
  <File Type="ROUTE-PWR-SUM" Name="Master_Controller_power_summary_routed.pb"/>
  <File Type="REPORTS-TCL" Name="Master_Controller_reports.tcl"/>
  <File Type="OPT-TIMING" Name="Master_Controller_timing_summary_opted.rpt"/>
  <File Type="OPT-DCP" Name="Master_Controller_opt.dcp"/>
  <File Type="OPT-DRC" Name="Master_Controller_drc_opted.rpt"/>
  <File Type="OPT-HWDEF" Name="Master_Controller.hwdef"/>
  <File Type="PWROPT-DCP" Name="Master_Controller_pwropt.dcp"/>
  <File Type="PWROPT-DRC" Name="Master_Controller_drc_pwropted.rpt"/>
  <File Type="PWROPT-TIMING" Name="Master_Controller_timing_summary_pwropted.rpt"/>
  <File Type="PLACE-DCP" Name="Master_Controller_placed.dcp"/>
  <File Type="PLACE-IO" Name="Master_Controller_io_placed.rpt"/>
  <File Type="PLACE-CLK" Name="Master_Controller_clock_utilization_placed.rpt"/>
  <File Type="PLACE-UTIL" Name="Master_Controller_utilization_placed.rpt"/>
  <File Type="PLACE-UTIL-PB" Name="Master_Controller_utilization_placed.pb"/>
  <File Type="PLACE-CTRL" Name="Master_Controller_control_sets_placed.rpt"/>
  <File Type="PLACE-SIMILARITY" Name="Master_Controller_incremental_reuse_placed.rpt"/>
  <File Type="PLACE-PRE-SIMILARITY" Name="Master_Controller_incremental_reuse_pre_placed.rpt"/>
  <File Type="BG-BIN" Name="Master_Controller.bin"/>
  <File Type="PLACE-TIMING" Name="Master_Controller_timing_summary_placed.rpt"/>
  <File Type="POSTPLACE-PWROPT-DCP" Name="Master_Controller_postplace_pwropt.dcp"/>
  <File Type="BITSTR-MSK" Name="Master_Controller.msk"/>
  <File Type="POSTPLACE-PWROPT-TIMING" Name="Master_Controller_timing_summary_postplace_pwropted.rpt"/>
  <File Type="PHYSOPT-DCP" Name="Master_Controller_physopt.dcp"/>
  <File Type="PHYSOPT-DRC" Name="Master_Controller_drc_physopted.rpt"/>
  <File Type="BITSTR-RBT" Name="Master_Controller.rbt"/>
  <File Type="PHYSOPT-TIMING" Name="Master_Controller_timing_summary_physopted.rpt"/>
  <File Type="ROUTE-ERROR-DCP" Name="Master_Controller_routed_error.dcp"/>
  <File Type="ROUTE-DCP" Name="Master_Controller_routed.dcp"/>
  <File Type="ROUTE-BLACKBOX-DCP" Name="Master_Controller_routed_bb.dcp"/>
  <File Type="ROUTE-DRC" Name="Master_Controller_drc_routed.rpt"/>
  <File Type="ROUTE-DRC-PB" Name="Master_Controller_drc_routed.pb"/>
  <File Type="ROUTE-DRC-RPX" Name="Master_Controller_drc_routed.rpx"/>
  <File Type="ROUTE-METHODOLOGY-DRC" Name="Master_Controller_methodology_drc_routed.rpt"/>
  <File Type="ROUTE-METHODOLOGY-DRC-RPX" Name="Master_Controller_methodology_drc_routed.rpx"/>
  <File Type="ROUTE-METHODOLOGY-DRC-PB" Name="Master_Controller_methodology_drc_routed.pb"/>
  <File Type="ROUTE-PWR-RPX" Name="Master_Controller_power_routed.rpx"/>
  <File Type="ROUTE-STATUS" Name="Master_Controller_route_status.rpt"/>
  <File Type="ROUTE-STATUS-PB" Name="Master_Controller_route_status.pb"/>
  <File Type="ROUTE-TIMINGSUMMARY" Name="Master_Controller_timing_summary_routed.rpt"/>
  <File Type="ROUTE-TIMING-PB" Name="Master_Controller_timing_summary_routed.pb"/>
  <File Type="ROUTE-TIMING-RPX" Name="Master_Controller_timing_summary_routed.rpx"/>
  <File Type="ROUTE-SIMILARITY" Name="Master_Controller_incremental_reuse_routed.rpt"/>
  <File Type="ROUTE-CLK" Name="Master_Controller_clock_utilization_routed.rpt"/>
  <File Type="ROUTE-BUS-SKEW" Name="Master_Controller_bus_skew_routed.rpt"/>
  <File Type="ROUTE-BUS-SKEW-PB" Name="Master_Controller_bus_skew_routed.pb"/>
  <File Type="ROUTE-BUS-SKEW-RPX" Name="Master_Controller_bus_skew_routed.rpx"/>
  <File Type="POSTROUTE-PHYSOPT-DCP" Name="Master_Controller_postroute_physopt.dcp"/>
  <File Type="POSTROUTE-PHYSOPT-BLACKBOX-DCP" Name="Master_Controller_postroute_physopt_bb.dcp"/>
  <File Type="POSTROUTE-PHYSOPT-TIMING" Name="Master_Controller_timing_summary_postroute_physopted.rpt"/>
  <File Type="POSTROUTE-PHYSOPT-TIMING-PB" Name="Master_Controller_timing_summary_postroute_physopted.pb"/>
  <File Type="POSTROUTE-PHYSOPT-TIMING-RPX" Name="Master_Controller_timing_summary_postroute_physopted.rpx"/>
  <File Type="POSTROUTE-PHYSOPT-BUS-SKEW" Name="Master_Controller_bus_skew_postroute_physopted.rpt"/>
  <File Type="BG-BIT" Name="Master_Controller.bit"/>
  <File Type="POSTROUTE-PHYSOPT-BUS-SKEW-PB" Name="Master_Controller_bus_skew_postroute_physopted.pb"/>
  <File Type="POSTROUTE-PHYSOPT-BUS-SKEW-RPX" Name="Master_Controller_bus_skew_postroute_physopted.rpx"/>
  <File Type="BITSTR-NKY" Name="Master_Controller.nky"/>
  <File Type="BITSTR-BMM" Name="Master_Controller_bd.bmm"/>
  <File Type="PDI-FILE" Name="Master_Controller.pdi"/>
  <File Type="RCFI_FILE" Name="Master_Controller.rcfi"/>
  <File Type="CFI_FILE" Name="Master_Controller.cfi"/>
  <File Type="RNPI_FILE" Name="Master_Controller.rnpi"/>
  <File Type="NPI_FILE" Name="Master_Controller.npi"/>
  <File Type="RBD_FILE" Name="Master_Controller.rbd"/>
  <File Type="BITSTR-LTX" Name="debug_nets.ltx"/>
  <File Type="BITSTR-LTX" Name="Master_Controller.ltx"/>
  <File Type="BITSTR-SYSDEF" Name="Master_Controller.sysdef"/>
  <File Type="BG-BGN" Name="Master_Controller.bgn"/>
  <File Type="BG-DRC" Name="Master_Controller.drc"/>
  <File Type="RDI-RDI" Name="Master_Controller.vdi"/>
  <File Type="WBT-USG" Name="usage_statistics_webtalk.html"/>
  <File Type="ROUTE-RQS" Name="Master_Controller_routed.rqs"/>
  <File Type="POSTROUTE-PHYSOPT-RQS" Name="Master_Controller_postroute_physopted.rqs"/>
  <File Type="ROUTE-RQS-RPT" Name="route_report_qor_suggestions_0.rpt"/>
  <File Type="POSTROUTE-PHYSOPT-RQS-RPT" Name="postroute_physopt_report_qor_suggestions_0.rpt"/>
  <FileSet Name="sources" Type="DesignSrcs" RelSrcDir="$PSRCDIR/sources_1" RelGenDir="$PGENDIR/sources_1">
    <Filter Type="Srcs"/>
    <File Path="$PSRCDIR/sources_1/new/Cook_Time.v">
      <FileInfo>
        <Attr Name="UsedIn" Val="synthesis"/>
        <Attr Name="UsedIn" Val="implementation"/>
        <Attr Name="UsedIn" Val="simulation"/>
      </FileInfo>
    </File>
    <File Path="$PSRCDIR/sources_1/new/Count_Time.v">
      <FileInfo>
        <Attr Name="UsedIn" Val="synthesis"/>
        <Attr Name="UsedIn" Val="implementation"/>
        <Attr Name="UsedIn" Val="simulation"/>
      </FileInfo>
    </File>
    <File Path="$PSRCDIR/sources_1/new/ProgressBar.v">
      <FileInfo>
        <Attr Name="UsedIn" Val="synthesis"/>
        <Attr Name="UsedIn" Val="implementation"/>
        <Attr Name="UsedIn" Val="simulation"/>
      </FileInfo>
    </File>
    <File Path="$PSRCDIR/sources_1/new/bcdtoseg.v">
      <FileInfo>
        <Attr Name="UsedIn" Val="synthesis"/>
        <Attr Name="UsedIn" Val="implementation"/>
        <Attr Name="UsedIn" Val="simulation"/>
      </FileInfo>
    </File>
    <File Path="$PSRCDIR/sources_1/new/clock_divider.v">
      <FileInfo>
        <Attr Name="UsedIn" Val="synthesis"/>
        <Attr Name="UsedIn" Val="implementation"/>
        <Attr Name="UsedIn" Val="simulation"/>
      </FileInfo>
    </File>
    <File Path="$PSRCDIR/sources_1/new/Master_Controller.v">
      <FileInfo>
        <Attr Name="UsedIn" Val="synthesis"/>
        <Attr Name="UsedIn" Val="implementation"/>
        <Attr Name="UsedIn" Val="simulation"/>
      </FileInfo>
    </File>
    <File Path="$PSRCDIR/sources_1/new/ClocktoSecond.v">
      <FileInfo>
        <Attr Name="AutoDisabled" Val="1"/>
        <Attr Name="UsedIn" Val="synthesis"/>
        <Attr Name="UsedIn" Val="implementation"/>
        <Attr Name="UsedIn" Val="simulation"/>
      </FileInfo>
    </File>
    <File Path="$PSRCDIR/sources_1/new/clkfordebounce.v">
      <FileInfo>
        <Attr Name="AutoDisabled" Val="1"/>
        <Attr Name="UsedIn" Val="synthesis"/>
        <Attr Name="UsedIn" Val="implementation"/>
        <Attr Name="UsedIn" Val="simulation"/>
      </FileInfo>
    </File>
    <File Path="$PSRCDIR/sources_1/new/refclkdiv.v">
      <FileInfo>
        <Attr Name="AutoDisabled" Val="1"/>
        <Attr Name="UsedIn" Val="synthesis"/>
        <Attr Name="UsedIn" Val="implementation"/>
        <Attr Name="UsedIn" Val="simulation"/>
      </FileInfo>
    </File>
    <File Path="$PSRCDIR/sources_1/new/Progress_Bar.v">
      <FileInfo>
        <Attr Name="AutoDisabled" Val="1"/>
        <Attr Name="UsedIn" Val="synthesis"/>
        <Attr Name="UsedIn" Val="implementation"/>
        <Attr Name="UsedIn" Val="simulation"/>
      </FileInfo>
    </File>
    <File Path="$PSRCDIR/sources_1/new/top.v">
      <FileInfo>
        <Attr Name="AutoDisabled" Val="1"/>
        <Attr Name="UsedIn" Val="synthesis"/>
        <Attr Name="UsedIn" Val="implementation"/>
        <Attr Name="UsedIn" Val="simulation"/>
      </FileInfo>
    </File>
    <Config>
      <Option Name="DesignMode" Val="RTL"/>
      <Option Name="TopModule" Val="Master_Controller"/>
      <Option Name="TopAutoSet" Val="TRUE"/>
    </Config>
  </FileSet>
  <FileSet Name="constrs_in" Type="Constrs" RelSrcDir="$PSRCDIR/constrs_1">
    <Filter Type="Constrs"/>
    <File Path="$PPRDIR/../../Downloads/eggtimer_lab9_wBar/eggtimer_lab9_wBar/eggtimer_lab9_arshsaleemnikitavolochay.srcs/constrs_1/imports/lab_sources/Nexys4DDR_Master_Remote_Control.xdc">
      <FileInfo>
        <Attr Name="UsedIn" Val="synthesis"/>
        <Attr Name="UsedIn" Val="implementation"/>
      </FileInfo>
    </File>
    <Config>
      <Option Name="ConstrsType" Val="XDC"/>
    </Config>
  </FileSet>
  <FileSet Name="utils" Type="Utils" RelSrcDir="$PSRCDIR/utils_1">
    <Filter Type="Utils"/>
    <File Path="$PSRCDIR/utils_1/imports/synth_1/Master_Controller.dcp">
      <FileInfo>
        <Attr Name="UsedIn" Val="synthesis"/>
        <Attr Name="UsedIn" Val="implementation"/>
        <Attr Name="UsedInSteps" Val="synth_1"/>
        <Attr Name="AutoDcp" Val="1"/>
      </FileInfo>
    </File>
    <Config>
      <Option Name="TopAutoSet" Val="TRUE"/>
    </Config>
  </FileSet>
  <Strategy Version="1" Minor="2">
    <StratHandle Name="Vivado Implementation Defaults" Flow="Vivado Implementation 2022">
      <Desc>Default settings for Implementation.</Desc>
    </StratHandle>
    <Step Id="init_design"/>
    <Step Id="opt_design"/>
    <Step Id="power_opt_design"/>
    <Step Id="place_design"/>
    <Step Id="post_place_power_opt_design"/>
    <Step Id="phys_opt_design"/>
    <Step Id="route_design"/>
    <Step Id="post_route_phys_opt_design"/>
    <Step Id="write_bitstream"/>
  </Strategy>
  <BlockFileSet Type="BlockSrcs" Name="clk_wiz_0"/>
</GenRun>
