<?xml version="1.0" encoding="UTF-8"?>
<GenRun Id="impl_1" LaunchPart="xc7a100tcsg324-1" LaunchTime="1670453179">
  <File Type="ROUTE-PWR" Name="egg_timer_power_routed.rpt"/>
  <File Type="PA-TCL" Name="egg_timer.tcl"/>
  <File Type="BITSTR-MMI" Name="egg_timer.mmi"/>
  <File Type="OPT-METHODOLOGY-DRC" Name="egg_timer_methodology_drc_opted.rpt"/>
  <File Type="INIT-TIMING" Name="egg_timer_timing_summary_init.rpt"/>
  <File Type="ROUTE-PWR-SUM" Name="egg_timer_power_summary_routed.pb"/>
  <File Type="REPORTS-TCL" Name="egg_timer_reports.tcl"/>
  <File Type="OPT-TIMING" Name="egg_timer_timing_summary_opted.rpt"/>
  <File Type="OPT-DCP" Name="egg_timer_opt.dcp"/>
  <File Type="OPT-DRC" Name="egg_timer_drc_opted.rpt"/>
  <File Type="OPT-HWDEF" Name="egg_timer.hwdef"/>
  <File Type="PWROPT-DCP" Name="egg_timer_pwropt.dcp"/>
  <File Type="PWROPT-DRC" Name="egg_timer_drc_pwropted.rpt"/>
  <File Type="PWROPT-TIMING" Name="egg_timer_timing_summary_pwropted.rpt"/>
  <File Type="PLACE-DCP" Name="egg_timer_placed.dcp"/>
  <File Type="PLACE-IO" Name="egg_timer_io_placed.rpt"/>
  <File Type="PLACE-CLK" Name="egg_timer_clock_utilization_placed.rpt"/>
  <File Type="PLACE-UTIL" Name="egg_timer_utilization_placed.rpt"/>
  <File Type="PLACE-UTIL-PB" Name="egg_timer_utilization_placed.pb"/>
  <File Type="PLACE-CTRL" Name="egg_timer_control_sets_placed.rpt"/>
  <File Type="PLACE-SIMILARITY" Name="egg_timer_incremental_reuse_placed.rpt"/>
  <File Type="PLACE-PRE-SIMILARITY" Name="egg_timer_incremental_reuse_pre_placed.rpt"/>
  <File Type="BG-BIN" Name="egg_timer.bin"/>
  <File Type="PLACE-TIMING" Name="egg_timer_timing_summary_placed.rpt"/>
  <File Type="POSTPLACE-PWROPT-DCP" Name="egg_timer_postplace_pwropt.dcp"/>
  <File Type="BITSTR-MSK" Name="egg_timer.msk"/>
  <File Type="POSTPLACE-PWROPT-TIMING" Name="egg_timer_timing_summary_postplace_pwropted.rpt"/>
  <File Type="PHYSOPT-DCP" Name="egg_timer_physopt.dcp"/>
  <File Type="PHYSOPT-DRC" Name="egg_timer_drc_physopted.rpt"/>
  <File Type="BITSTR-RBT" Name="egg_timer.rbt"/>
  <File Type="PHYSOPT-TIMING" Name="egg_timer_timing_summary_physopted.rpt"/>
  <File Type="ROUTE-ERROR-DCP" Name="egg_timer_routed_error.dcp"/>
  <File Type="ROUTE-DCP" Name="egg_timer_routed.dcp"/>
  <File Type="ROUTE-BLACKBOX-DCP" Name="egg_timer_routed_bb.dcp"/>
  <File Type="ROUTE-DRC" Name="egg_timer_drc_routed.rpt"/>
  <File Type="ROUTE-DRC-PB" Name="egg_timer_drc_routed.pb"/>
  <File Type="ROUTE-DRC-RPX" Name="egg_timer_drc_routed.rpx"/>
  <File Type="ROUTE-METHODOLOGY-DRC" Name="egg_timer_methodology_drc_routed.rpt"/>
  <File Type="ROUTE-METHODOLOGY-DRC-RPX" Name="egg_timer_methodology_drc_routed.rpx"/>
  <File Type="ROUTE-METHODOLOGY-DRC-PB" Name="egg_timer_methodology_drc_routed.pb"/>
  <File Type="ROUTE-PWR-RPX" Name="egg_timer_power_routed.rpx"/>
  <File Type="ROUTE-STATUS" Name="egg_timer_route_status.rpt"/>
  <File Type="ROUTE-STATUS-PB" Name="egg_timer_route_status.pb"/>
  <File Type="ROUTE-TIMINGSUMMARY" Name="egg_timer_timing_summary_routed.rpt"/>
  <File Type="ROUTE-TIMING-PB" Name="egg_timer_timing_summary_routed.pb"/>
  <File Type="ROUTE-TIMING-RPX" Name="egg_timer_timing_summary_routed.rpx"/>
  <File Type="ROUTE-SIMILARITY" Name="egg_timer_incremental_reuse_routed.rpt"/>
  <File Type="ROUTE-CLK" Name="egg_timer_clock_utilization_routed.rpt"/>
  <File Type="ROUTE-BUS-SKEW" Name="egg_timer_bus_skew_routed.rpt"/>
  <File Type="ROUTE-BUS-SKEW-PB" Name="egg_timer_bus_skew_routed.pb"/>
  <File Type="ROUTE-BUS-SKEW-RPX" Name="egg_timer_bus_skew_routed.rpx"/>
  <File Type="POSTROUTE-PHYSOPT-DCP" Name="egg_timer_postroute_physopt.dcp"/>
  <File Type="POSTROUTE-PHYSOPT-BLACKBOX-DCP" Name="egg_timer_postroute_physopt_bb.dcp"/>
  <File Type="POSTROUTE-PHYSOPT-TIMING" Name="egg_timer_timing_summary_postroute_physopted.rpt"/>
  <File Type="POSTROUTE-PHYSOPT-TIMING-PB" Name="egg_timer_timing_summary_postroute_physopted.pb"/>
  <File Type="POSTROUTE-PHYSOPT-TIMING-RPX" Name="egg_timer_timing_summary_postroute_physopted.rpx"/>
  <File Type="POSTROUTE-PHYSOPT-BUS-SKEW" Name="egg_timer_bus_skew_postroute_physopted.rpt"/>
  <File Type="BG-BIT" Name="egg_timer.bit"/>
  <File Type="POSTROUTE-PHYSOPT-BUS-SKEW-PB" Name="egg_timer_bus_skew_postroute_physopted.pb"/>
  <File Type="POSTROUTE-PHYSOPT-BUS-SKEW-RPX" Name="egg_timer_bus_skew_postroute_physopted.rpx"/>
  <File Type="BITSTR-NKY" Name="egg_timer.nky"/>
  <File Type="BITSTR-BMM" Name="egg_timer_bd.bmm"/>
  <File Type="PDI-FILE" Name="egg_timer.pdi"/>
  <File Type="RCFI_FILE" Name="egg_timer.rcfi"/>
  <File Type="CFI_FILE" Name="egg_timer.cfi"/>
  <File Type="RNPI_FILE" Name="egg_timer.rnpi"/>
  <File Type="NPI_FILE" Name="egg_timer.npi"/>
  <File Type="RBD_FILE" Name="egg_timer.rbd"/>
  <File Type="BITSTR-LTX" Name="debug_nets.ltx"/>
  <File Type="BITSTR-LTX" Name="egg_timer.ltx"/>
  <File Type="BITSTR-SYSDEF" Name="egg_timer.sysdef"/>
  <File Type="BG-BGN" Name="egg_timer.bgn"/>
  <File Type="BG-DRC" Name="egg_timer.drc"/>
  <File Type="RDI-RDI" Name="egg_timer.vdi"/>
  <File Type="WBT-USG" Name="usage_statistics_webtalk.html"/>
  <File Type="ROUTE-RQS" Name="egg_timer_routed.rqs"/>
  <File Type="POSTROUTE-PHYSOPT-RQS" Name="egg_timer_postroute_physopted.rqs"/>
  <File Type="ROUTE-RQS-RPT" Name="route_report_qor_suggestions_0.rpt"/>
  <File Type="POSTROUTE-PHYSOPT-RQS-RPT" Name="postroute_physopt_report_qor_suggestions_0.rpt"/>
  <FileSet Name="sources" Type="DesignSrcs" RelSrcDir="$PSRCDIR/sources_1" RelGenDir="$PGENDIR/sources_1">
    <Filter Type="Srcs"/>
    <File Path="$PSRCDIR/sources_1/new/bcd.v">
      <FileInfo>
        <Attr Name="UsedIn" Val="synthesis"/>
        <Attr Name="UsedIn" Val="implementation"/>
        <Attr Name="UsedIn" Val="simulation"/>
      </FileInfo>
    </File>
    <File Path="$PSRCDIR/sources_1/new/bcdto7seg.v">
      <FileInfo>
        <Attr Name="UsedIn" Val="synthesis"/>
        <Attr Name="UsedIn" Val="implementation"/>
        <Attr Name="UsedIn" Val="simulation"/>
      </FileInfo>
    </File>
    <File Path="$PSRCDIR/sources_1/new/clock_divider.v">
      <FileInfo>
        <Attr Name="UsedIn" Val="synthesis"/>
        <Attr Name="UsedIn" Val="implementation"/>
        <Attr Name="UsedIn" Val="simulation"/>
      </FileInfo>
    </File>
    <File Path="$PSRCDIR/sources_1/new/debounce.v">
      <FileInfo>
        <Attr Name="UsedIn" Val="synthesis"/>
        <Attr Name="UsedIn" Val="implementation"/>
        <Attr Name="UsedIn" Val="simulation"/>
      </FileInfo>
    </File>
    <File Path="$PSRCDIR/sources_1/new/downcounter.v">
      <FileInfo>
        <Attr Name="UsedIn" Val="synthesis"/>
        <Attr Name="UsedIn" Val="implementation"/>
        <Attr Name="UsedIn" Val="simulation"/>
      </FileInfo>
    </File>
    <File Path="$PSRCDIR/sources_1/new/mux.v">
      <FileInfo>
        <Attr Name="UsedIn" Val="synthesis"/>
        <Attr Name="UsedIn" Val="implementation"/>
        <Attr Name="UsedIn" Val="simulation"/>
      </FileInfo>
    </File>
    <File Path="$PSRCDIR/sources_1/new/segdisplay.v">
      <FileInfo>
        <Attr Name="UsedIn" Val="synthesis"/>
        <Attr Name="UsedIn" Val="implementation"/>
        <Attr Name="UsedIn" Val="simulation"/>
      </FileInfo>
    </File>
    <File Path="$PSRCDIR/sources_1/new/timer_on.v">
      <FileInfo>
        <Attr Name="UsedIn" Val="synthesis"/>
        <Attr Name="UsedIn" Val="implementation"/>
        <Attr Name="UsedIn" Val="simulation"/>
      </FileInfo>
    </File>
    <File Path="$PSRCDIR/sources_1/new/upcounter.v">
      <FileInfo>
        <Attr Name="UsedIn" Val="synthesis"/>
        <Attr Name="UsedIn" Val="implementation"/>
        <Attr Name="UsedIn" Val="simulation"/>
      </FileInfo>
    </File>
    <File Path="$PSRCDIR/sources_1/new/egg_timer.v">
      <FileInfo>
        <Attr Name="UsedIn" Val="synthesis"/>
        <Attr Name="UsedIn" Val="implementation"/>
        <Attr Name="UsedIn" Val="simulation"/>
      </FileInfo>
    </File>
    <Config>
      <Option Name="DesignMode" Val="RTL"/>
      <Option Name="TopModule" Val="egg_timer"/>
      <Option Name="TopAutoSet" Val="TRUE"/>
    </Config>
  </FileSet>
  <FileSet Name="constrs_in" Type="Constrs" RelSrcDir="$PSRCDIR/constrs_1">
    <Filter Type="Constrs"/>
    <File Path="$PSRCDIR/constrs_1/new/Nexys4DDR_Master_Remote_Control.xdc">
      <FileInfo>
        <Attr Name="UsedIn" Val="synthesis"/>
        <Attr Name="UsedIn" Val="implementation"/>
      </FileInfo>
    </File>
    <Config>
      <Option Name="ConstrsType" Val="XDC"/>
    </Config>
  </FileSet>
  <FileSet Name="utils" Type="Utils" RelSrcDir="$PSRCDIR/utils_1">
    <Filter Type="Utils"/>
    <File Path="$PSRCDIR/utils_1/imports/synth_1/egg_timer.dcp">
      <FileInfo>
        <Attr Name="UsedIn" Val="synthesis"/>
        <Attr Name="UsedIn" Val="implementation"/>
        <Attr Name="UsedInSteps" Val="synth_1"/>
        <Attr Name="AutoDcp" Val="1"/>
      </FileInfo>
    </File>
    <Config>
      <Option Name="TopAutoSet" Val="TRUE"/>
    </Config>
  </FileSet>
  <Strategy Version="1" Minor="2">
    <StratHandle Name="Vivado Implementation Defaults" Flow="Vivado Implementation 2022"/>
    <Step Id="init_design"/>
    <Step Id="opt_design"/>
    <Step Id="power_opt_design"/>
    <Step Id="place_design"/>
    <Step Id="post_place_power_opt_design"/>
    <Step Id="phys_opt_design"/>
    <Step Id="route_design"/>
    <Step Id="post_route_phys_opt_design"/>
    <Step Id="write_bitstream"/>
  </Strategy>
  <BlockFileSet Type="BlockSrcs" Name="clk_wiz_0"/>
</GenRun>
